{
  "fruitReplaceWhenPicked": true,
  "enableFlourThrowing": true,
  "flourThrowingCooldown": 0,
  "containerFoodsEatableOnDish": false,
  "restorationHeartOverlay": true,
  "acidifiedEffectIconEffects": true,
  "fermentationBubbleParticles": true,
  "effectTooltips": true,
  "enablePlaceablePumpkinPie": true,
  "cakeEatSounds": true,
  "enableSweetBerryPips": true,
  "enableLapisberrySeeds": true,
  "enableHoarySeeds": true,
  "grassLootTableOverride": true,
  "enableElderGuardianSpongekinSeeds": true,
  "enableGuardianSpongekinSeeds": true,
  "showCompatItemsInRecipeViewers": true,
  "generateWildWheat": true,
  "generateWildCarrots": true,
  "generateWildPotatoes": true,
  "generateWildBeetroot": true,
  "generateWildLeeks": true,
  "generateWildMaize": true,
  "generateAppleTrees": true,
  "generateOrangeTrees": true,
  "generateLemonTrees": true,
  "generatePlumTrees": true,
  "generatePalmTrees": true,
  "generateWildPassionFruit": true,
  "generateWildElderberries": true,
  "generateGrassyDirtPatches": true,
  "generateAllFruitTreesInFlowerForest": false,
  "generateForestTeaShrubs": false,
  "generateForestWalnutTrees": false,
  "generateGoldenAppleTreeRooms": true,
  "fermentationTime": 300,
  "millingTime": 4,
  "infusedCandleRadius": 3
}